{
  "val_accuracy": 0.8226,
  "val_f1_weighted": 0.8282,
  "val_f1_macro": 0.5566,
  "per_class_f1": {
    "0": 0.3193,
    "1": 0.7158,
    "2": 0.3375,
    "3": 0.4103,
    "4": 1.0
  },
  "train_size": 13478,
  "val_size": 2379,
  "rebalance_strategy": "hybrid",
  "sweep_best_params": {
    "max_depth": 3,
    "learning_rate": 0.01612838742349619,
    "n_estimators": 300,
    "subsample": 0.96347649530102,
    "colsample_bytree": 0.7699103918368916,
    "min_child_weight": 10,
    "gamma": 0.08279649800019312
  },
  "cv_accuracy_mean": 0.8165,
  "cv_accuracy_std": 0.0048,
  "cv_fold_scores": [
    0.8083,
    0.8203,
    0.8218,
    0.8146,
    0.8174
  ],
  "label_distribution": {
    "insertion": 1220,
    "inversion": 1251,
    "deletion": 1221,
    "none": 10943,
    "duplication": 1221
  },
  "num_samples": 15857,
  "num_features": 19
}