{
  "val_accuracy": 0.8807,
  "val_f1_weighted": 0.8797,
  "val_f1_macro": 0.8964,
  "per_class_f1": {
    "0": 0.9993,
    "1": 0.8156,
    "2": 0.8031,
    "3": 0.9677
  },
  "train_size": 285098,
  "val_size": 50312,
  "rebalance_strategy": "hybrid",
  "sweep_best_params": {
    "max_depth": 12,
    "learning_rate": 0.11755822520740497,
    "n_estimators": 700,
    "subsample": 0.8105957325401224,
    "colsample_bytree": 0.8314316807585244,
    "min_child_weight": 2,
    "gamma": 0.22490132859175832,
    "reg_alpha": 0.029952793571770556,
    "reg_lambda": 2.2681210442729207
  },
  "cv_accuracy_mean": 0.8782,
  "cv_accuracy_std": 0.0017,
  "cv_fold_scores": [
    0.8764,
    0.8797,
    0.8757,
    0.8799,
    0.8792
  ],
  "label_distribution": {
    "CHIMERIC": 665493,
    "ALLELIC": 1223,
    "TRUE": 35410,
    "SV_BREAK": 480498
  },
  "num_samples": 335410,
  "num_features": 24
}